"Year","Flow","Dataset","AnalogueYear","AnalogueFlow"
900,15865666,"Paleo",1975,15899986
901,25589572,"Paleo",1970,25369994
902,15990539,"Paleo",1975,15899986
903,22724860,"Paleo",1984,22699746
904,22780171,"Paleo",1984,22699746
905,22006284,"Paleo",1965,22351326
906,24259600,"Paleo",1996,24531126
907,16892715,"Paleo",2000,17141866
908,14164354,"Paleo",1979,14344644
909,15001037,"Paleo",1962,14873244
910,24869337,"Paleo",1996,24531126
911,24992116,"Paleo",1970,25369994
912,21422191,"Paleo",1951,21512456
913,10709378,"Paleo",1987,10742718
914,27843030,"Paleo",1974,27911112
915,11658068,"Paleo",1961,11746802
916,23445217,"Paleo",1952,23441594
917,19543639,"Paleo",1973,18993664
918,13155032,"Paleo",1950,13381186
919,16702701,"Paleo",1954,16416000
920,20928372,"Paleo",1967,21028348
921,13653925,"Paleo",1968,13445120
922,16616347,"Paleo",1954,16416000
923,14059253,"Paleo",1957,13967606
924,10874057,"Paleo",1987,10742718
925,20211330,"Paleo",1980,20215842
926,22019015,"Paleo",1965,22351326
927,20820645,"Paleo",1967,21028348
928,13799959,"Paleo",1957,13967606
929,12503717,"Paleo",1966,12515724
930,9938595,"Paleo",1991,10018752
931,18526738,"Paleo",1978,18504374
932,13097493,"Paleo",1950,13381186
933,10899048,"Paleo",1987,10742718
934,19834902,"Paleo",1980,20215842
935,18264216,"Paleo",1978,18504374
936,13836756,"Paleo",1957,13967606
937,21675253,"Paleo",1951,21512456
938,12452306,"Paleo",2002,12466122
939,15346976,"Paleo",1962,14873244
940,20879421,"Paleo",1967,21028348
941,21524927,"Paleo",1951,21512456
942,13853782,"Paleo",1957,13967606
943,14397075,"Paleo",1979,14344644
944,19245526,"Paleo",1973,18993664
945,14624453,"Paleo",1962,14873244
946,16498321,"Paleo",1954,16416000
947,13575363,"Paleo",1968,13445120
948,12765810,"Paleo",1959,12787854
949,13767243,"Paleo",1957,13967606
950,14389456,"Paleo",1979,14344644
951,25809614,"Paleo",1970,25369994
952,13507897,"Paleo",1968,13445120
953,17893583,"Paleo",1971,17950884
954,8877282,"Paleo",1976,9542824
955,19846540,"Paleo",1980,20215842
956,25810839,"Paleo",1970,25369994
957,7489204,"Paleo",1977,6534936
958,15349280,"Paleo",1962,14873244
959,18170603,"Paleo",1971,17950884
960,20539136,"Paleo",1999,20303814
961,10882043,"Paleo",1987,10742718
962,12350317,"Paleo",2002,12466122
963,23069675,"Paleo",1986,22933750
964,15044288,"Paleo",1962,14873244
965,21927664,"Paleo",1951,21512456
966,18581566,"Paleo",1978,18504374
967,21062037,"Paleo",1967,21028348
968,26561321,"Paleo",1956,26636912
969,14359355,"Paleo",1979,14344644
970,26517980,"Paleo",1956,26636912
971,13546420,"Paleo",1968,13445120
972,20915645,"Paleo",1967,21028348
973,19232447,"Paleo",1973,18993664
974,19975265,"Paleo",1980,20215842
975,14366127,"Paleo",1979,14344644
976,16431388,"Paleo",1954,16416000
977,14012710,"Paleo",1957,13967606
978,13568027,"Paleo",1968,13445120
979,8387811,"Paleo",1976,9542824
980,12995399,"Paleo",1959,12787854
981,11673350,"Paleo",1961,11746802
982,22793685,"Paleo",1984,22699746
983,11801639,"Paleo",1961,11746802
984,21505178,"Paleo",1951,21512456
985,25487168,"Paleo",1970,25369994
986,10573439,"Paleo",1987,10742718
987,18154905,"Paleo",1971,17950884
988,21197143,"Paleo",1967,21028348
989,18803514,"Paleo",2003,18802820
990,14258132,"Paleo",1979,14344644
991,24757706,"Paleo",1996,24531126
992,18071895,"Paleo",1971,17950884
993,25453124,"Paleo",1970,25369994
994,21102180,"Paleo",1967,21028348
995,13463671,"Paleo",1968,13445120
996,13266618,"Paleo",1950,13381186
997,25934189,"Paleo",1970,25369994
998,25492725,"Paleo",1970,25369994
999,16348415,"Paleo",1954,16416000
1000,25305877,"Paleo",1970,25369994
1001,25871307,"Paleo",1970,25369994
1002,25884239,"Paleo",1970,25369994
1003,24320770,"Paleo",1996,24531126
1004,24934366,"Paleo",1996,24531126
1005,17623419,"Paleo",1971,17950884
1006,26064640,"Paleo",1956,26636912
1007,23877482,"Paleo",1969,23925034
1008,26380921,"Paleo",1956,26636912
1009,25661143,"Paleo",1970,25369994
1010,18462599,"Paleo",1978,18504374
1011,25407703,"Paleo",1970,25369994
1012,11677730,"Paleo",1961,11746802
1013,24894151,"Paleo",1996,24531126
1014,17778197,"Paleo",1971,17950884
1015,25902720,"Paleo",1970,25369994
1016,25362331,"Paleo",1970,25369994
1017,23217595,"Paleo",1952,23441594
1018,17896491,"Paleo",1971,17950884
1019,28065470,"Paleo",1974,27911112
1020,21205410,"Paleo",1967,21028348
1021,17199150,"Paleo",2000,17141866
1022,15240149,"Paleo",1962,14873244
1023,28440709,"Paleo",1958,28773276
1024,25065828,"Paleo",1970,25369994
1025,11899463,"Paleo",1960,11980470
1026,26113741,"Paleo",1956,26636912
1027,24882164,"Paleo",1996,24531126
1028,13974840,"Paleo",1957,13967606
1029,18266854,"Paleo",1978,18504374
1030,17866179,"Paleo",1971,17950884
1031,24396179,"Paleo",1996,24531126
1032,14860058,"Paleo",1962,14873244
1033,16872169,"Paleo",2000,17141866
1034,24232311,"Paleo",1996,24531126
1035,13580906,"Paleo",1968,13445120
1036,26256114,"Paleo",1956,26636912
1037,19723261,"Paleo",1980,20215842
1038,16321396,"Paleo",1954,16416000
1039,14385344,"Paleo",1979,14344644
1040,12643386,"Paleo",1966,12515724
1041,25086918,"Paleo",1970,25369994
1042,25214212,"Paleo",1970,25369994
1043,11167469,"Paleo",1985,11176216
1044,13526532,"Paleo",1968,13445120
1045,25357158,"Paleo",1970,25369994
1046,17809828,"Paleo",1971,17950884
1047,12295455,"Paleo",1989,12202676
1048,13715707,"Paleo",1957,13967606
1049,20066550,"Paleo",1980,20215842
1050,18146874,"Paleo",1971,17950884
1051,17119456,"Paleo",2000,17141866
1052,10745426,"Paleo",1987,10742718
1053,13200017,"Paleo",1950,13381186
1054,25633257,"Paleo",1970,25369994
1055,13765143,"Paleo",1957,13967606
1056,14329598,"Paleo",1979,14344644
1057,20911648,"Paleo",1967,21028348
1058,18266307,"Paleo",1978,18504374
1059,8001797,"Paleo",1977,6534936
1060,10128755,"Paleo",1991,10018752
1061,19478973,"Paleo",1973,18993664
1062,13747148,"Paleo",1957,13967606
1063,18507264,"Paleo",1978,18504374
1064,25840545,"Paleo",1970,25369994
1065,18237812,"Paleo",1978,18504374
1066,14625711,"Paleo",1962,14873244
1067,18640551,"Paleo",1978,18504374
1068,24504723,"Paleo",1996,24531126
1069,14479917,"Paleo",1979,14344644
1070,8622576,"Paleo",1976,9542824
1071,18407604,"Paleo",1978,18504374
1072,9660085,"Paleo",1992,9737704
1073,16332584,"Paleo",1954,16416000
1074,14602056,"Paleo",1979,14344644
1075,14395829,"Paleo",1979,14344644
1076,20102771,"Paleo",1980,20215842
1077,20966018,"Paleo",1967,21028348
1078,24527617,"Paleo",1996,24531126
1079,25936663,"Paleo",1970,25369994
1080,20229482,"Paleo",1980,20215842
1081,19490151,"Paleo",1973,18993664
1082,15059591,"Paleo",1962,14873244
1083,16489348,"Paleo",1954,16416000
1084,25257008,"Paleo",1970,25369994
1085,19218172,"Paleo",1973,18993664
1086,16205596,"Paleo",1954,16416000
1087,25150127,"Paleo",1970,25369994
1088,20089005,"Paleo",1980,20215842
1089,23557195,"Paleo",1952,23441594
1090,13134452,"Paleo",1950,13381186
1091,22351360,"Paleo",1965,22351326
1092,13085906,"Paleo",1950,13381186
1093,9578849,"Paleo",1976,9542824
1094,24691170,"Paleo",1996,24531126
1095,20327089,"Paleo",1999,20303814
1096,15230621,"Paleo",1962,14873244
1097,20727976,"Paleo",1967,21028348
1098,7786456,"Paleo",1977,6534936
1099,20027198,"Paleo",1980,20215842
1100,26714282,"Paleo",1956,26636912
1101,15847543,"Paleo",1975,15899986
1102,19853403,"Paleo",1980,20215842
1103,11899534,"Paleo",1960,11980470
1104,24154215,"Paleo",1969,23925034
1105,22994026,"Paleo",1986,22933750
1106,21464566,"Paleo",1951,21512456
1107,21673606,"Paleo",1951,21512456
1108,17488082,"Paleo",2000,17141866
1109,24273490,"Paleo",1996,24531126
1110,20625742,"Paleo",1999,20303814
1111,17950986,"Paleo",1971,17950884
1112,21472535,"Paleo",1951,21512456
1113,26378174,"Paleo",1956,26636912
1114,14203636,"Paleo",1979,14344644
1115,14647183,"Paleo",1962,14873244
1116,25530324,"Paleo",1970,25369994
1117,19158039,"Paleo",1973,18993664
1118,25393877,"Paleo",1970,25369994
1119,17715080,"Paleo",1971,17950884
1120,25256613,"Paleo",1970,25369994
1121,16761890,"Paleo",1954,16416000
1122,25168085,"Paleo",1970,25369994
1123,12162323,"Paleo",1989,12202676
1124,17924625,"Paleo",1971,17950884
1125,25610526,"Paleo",1970,25369994
1126,6732432,"Paleo",1977,6534936
1127,16223443,"Paleo",1954,16416000
1128,23819227,"Paleo",1969,23925034
1129,20929884,"Paleo",1967,21028348
1130,13021525,"Paleo",1959,12787854
1131,12464657,"Paleo",2002,12466122
1132,15471888,"Paleo",1975,15899986
1133,13957339,"Paleo",1957,13967606
1134,14496489,"Paleo",1979,14344644
1135,12023371,"Paleo",1981,12058890
1136,17412295,"Paleo",2000,17141866
1137,18114691,"Paleo",1971,17950884
1138,21963996,"Paleo",1965,22351326
1139,15193593,"Paleo",1962,14873244
1140,10760587,"Paleo",1987,10742718
1141,13606929,"Paleo",1968,13445120
1142,20604237,"Paleo",1999,20303814
1143,12942096,"Paleo",1959,12787854
1144,11775701,"Paleo",1961,11746802
1145,10055363,"Paleo",1991,10018752
1146,11467572,"Paleo",1972,11429000
1147,17494037,"Paleo",2000,17141866
1148,12578567,"Paleo",1966,12515724
1149,25304995,"Paleo",1970,25369994
1150,11998109,"Paleo",1960,11980470
1151,13998937,"Paleo",1957,13967606
1152,11723301,"Paleo",1961,11746802
1153,16265793,"Paleo",1954,16416000
1154,12428770,"Paleo",2002,12466122
1155,12816070,"Paleo",1959,12787854
1156,9239603,"Paleo",1976,9542824
1157,14539001,"Paleo",1979,14344644
1158,12835479,"Paleo",1959,12787854
1159,25273496,"Paleo",1970,25369994
1160,16961724,"Paleo",2000,17141866
1161,13737032,"Paleo",1957,13967606
1162,13181475,"Paleo",1950,13381186
1163,24998269,"Paleo",1970,25369994
1164,10277184,"Paleo",1990,10241522
1165,24986196,"Paleo",1970,25369994
1166,20847796,"Paleo",1967,21028348
1167,20346618,"Paleo",1999,20303814
1168,11918874,"Paleo",1960,11980470
1169,28053668,"Paleo",1974,27911112
1170,11027244,"Paleo",1955,11064330
1171,15175638,"Paleo",1962,14873244
1172,16545766,"Paleo",1954,16416000
1173,15857010,"Paleo",1975,15899986
1174,12659343,"Paleo",1959,12787854
1175,13923529,"Paleo",1957,13967606
1176,15117829,"Paleo",1962,14873244
1177,11323976,"Paleo",1994,11310484
1178,25802621,"Paleo",1970,25369994
1179,19537853,"Paleo",1973,18993664
1180,17297591,"Paleo",2000,17141866
1181,22473969,"Paleo",1963,22457176
1182,24938535,"Paleo",1996,24531126
1183,7937369,"Paleo",1977,6534936
1184,22320394,"Paleo",1965,22351326
1185,10411054,"Paleo",2001,10389324
1186,17509087,"Paleo",2000,17141866
1187,11820497,"Paleo",1961,11746802
1188,26034676,"Paleo",1956,26636912
1189,17073937,"Paleo",2000,17141866
1190,20911448,"Paleo",1967,21028348
1191,17082316,"Paleo",2000,17141866
1192,17266908,"Paleo",2000,17141866
1193,22836799,"Paleo",1986,22933750
1194,17558115,"Paleo",1971,17950884
1195,25979009,"Paleo",1970,25369994
1196,16419465,"Paleo",1954,16416000
1197,21680674,"Paleo",1951,21512456
1198,16434931,"Paleo",1954,16416000
1199,17236986,"Paleo",2000,17141866
1200,21345222,"Paleo",1951,21512456
1201,21443628,"Paleo",1951,21512456
1202,25635946,"Paleo",1970,25369994
1203,20299101,"Paleo",1999,20303814
1204,26502696,"Paleo",1956,26636912
1205,25910119,"Paleo",1970,25369994
1206,11118833,"Paleo",1955,11064330
1207,19225248,"Paleo",1973,18993664
1208,16070462,"Paleo",1975,15899986
1209,25506695,"Paleo",1970,25369994
1210,13275435,"Paleo",1950,13381186
1211,13986716,"Paleo",1957,13967606
1212,19013646,"Paleo",1973,18993664
1213,13747745,"Paleo",1957,13967606
1214,25915668,"Paleo",1970,25369994
1215,14509465,"Paleo",1979,14344644
1216,26401662,"Paleo",1956,26636912
1217,10059364,"Paleo",1991,10018752
1218,13265710,"Paleo",1950,13381186
1219,24843674,"Paleo",1996,24531126
1220,26027229,"Paleo",1956,26636912
1221,14694903,"Paleo",1962,14873244
1222,17858807,"Paleo",1971,17950884
1223,15196670,"Paleo",1962,14873244
1224,22717321,"Paleo",1984,22699746
1225,21508291,"Paleo",1951,21512456
1226,14145004,"Paleo",1957,13967606
1227,11306977,"Paleo",1994,11310484
1228,20673373,"Paleo",1967,21028348
1229,25332670,"Paleo",1970,25369994
1230,14801469,"Paleo",1962,14873244
1231,10416507,"Paleo",2001,10389324
1232,19593318,"Paleo",1973,18993664
1233,15159657,"Paleo",1962,14873244
1234,16677446,"Paleo",1954,16416000
1235,15249140,"Paleo",1962,14873244
1236,10142180,"Paleo",1990,10241522
1237,11007010,"Paleo",1955,11064330
1238,16625739,"Paleo",1954,16416000
1239,15638394,"Paleo",1975,15899986
1240,23248970,"Paleo",1952,23441594
1241,27426283,"Paleo",1974,27911112
1242,13096851,"Paleo",1950,13381186
1243,21531922,"Paleo",1951,21512456
1244,14997327,"Paleo",1962,14873244
1245,9080224,"Paleo",1976,9542824
1246,25858994,"Paleo",1970,25369994
1247,22955463,"Paleo",1986,22933750
1248,25727113,"Paleo",1970,25369994
1249,17289825,"Paleo",2000,17141866
1250,8200136,"Paleo",1976,9542824
1251,13298355,"Paleo",1950,13381186
1252,20153012,"Paleo",1980,20215842
1253,16352837,"Paleo",1954,16416000
1254,9915781,"Paleo",1991,10018752
1255,17530031,"Paleo",2000,17141866
1256,25335415,"Paleo",1970,25369994
1257,14665403,"Paleo",1962,14873244
1258,14586171,"Paleo",1979,14344644
1259,24939527,"Paleo",1996,24531126
1260,13520512,"Paleo",1968,13445120
1261,12106883,"Paleo",1981,12058890
1262,26374088,"Paleo",1956,26636912
1263,15034458,"Paleo",1962,14873244
1264,10093726,"Paleo",1991,10018752
1265,22976057,"Paleo",1986,22933750
1266,17800147,"Paleo",1971,17950884
1267,19243830,"Paleo",1973,18993664
1268,14363890,"Paleo",1979,14344644
1269,11834062,"Paleo",1961,11746802
1270,25379695,"Paleo",1970,25369994
1271,13457677,"Paleo",1968,13445120
1272,18428884,"Paleo",1978,18504374
1273,11697134,"Paleo",1961,11746802
1274,21743864,"Paleo",1951,21512456
1275,21967986,"Paleo",1965,22351326
1276,16556823,"Paleo",1954,16416000
1277,22668102,"Paleo",1984,22699746
1278,18706073,"Paleo",2003,18802820
1279,10495141,"Paleo",2001,10389324
1280,22476012,"Paleo",1963,22457176
1281,19001683,"Paleo",1973,18993664
1282,23360770,"Paleo",1952,23441594
1283,25439700,"Paleo",1970,25369994
1284,15610714,"Paleo",1975,15899986
1285,7440574,"Paleo",1977,6534936
1286,25746237,"Paleo",1970,25369994
1287,25153176,"Paleo",1970,25369994
1288,15622008,"Paleo",1975,15899986
1289,16803110,"Paleo",2000,17141866
1290,23916986,"Paleo",1969,23925034
1291,27304160,"Paleo",1997,26918648
1292,11368135,"Paleo",1964,11344472
1293,15569239,"Paleo",1975,15899986
1294,15636095,"Paleo",1975,15899986
1295,14826064,"Paleo",1962,14873244
1296,8716640,"Paleo",1976,9542824
1297,16607611,"Paleo",1954,16416000
1298,16594857,"Paleo",1954,16416000
1299,15141501,"Paleo",1962,14873244
1300,12198428,"Paleo",1989,12202676
1301,14825070,"Paleo",1962,14873244
1302,21799187,"Paleo",1951,21512456
1303,18980856,"Paleo",1973,18993664
1304,24975834,"Paleo",1970,25369994
1305,25137891,"Paleo",1970,25369994
1306,20881309,"Paleo",1967,21028348
1307,17179950,"Paleo",2000,17141866
1308,26172105,"Paleo",1956,26636912
1309,12663062,"Paleo",1959,12787854
1310,26419810,"Paleo",1956,26636912
1311,20652819,"Paleo",1999,20303814
1312,25635024,"Paleo",1970,25369994
1313,22772557,"Paleo",1984,22699746
1314,25098748,"Paleo",1970,25369994
1315,18549407,"Paleo",1978,18504374
1316,9080340,"Paleo",1976,9542824
1317,22955833,"Paleo",1986,22933750
1318,22984718,"Paleo",1986,22933750
1319,22285171,"Paleo",1965,22351326
1320,13644009,"Paleo",1968,13445120
1321,26025612,"Paleo",1956,26636912
1322,26534413,"Paleo",1956,26636912
1323,26015848,"Paleo",1956,26636912
1324,11851558,"Paleo",1961,11746802
1325,17551300,"Paleo",1971,17950884
1326,27067689,"Paleo",1997,26918648
1327,27287517,"Paleo",1997,26918648
1328,17012199,"Paleo",2000,17141866
1329,13547532,"Paleo",1968,13445120
1330,28224450,"Paleo",1974,27911112
1331,25879584,"Paleo",1970,25369994
1332,14438232,"Paleo",1979,14344644
1333,23776348,"Paleo",1969,23925034
1334,25864769,"Paleo",1970,25369994
1335,8044026,"Paleo",1976,9542824
1336,25080846,"Paleo",1970,25369994
1337,26075412,"Paleo",1956,26636912
1338,24829484,"Paleo",1996,24531126
1339,24140030,"Paleo",1969,23925034
1340,19044562,"Paleo",1973,18993664
1341,26200904,"Paleo",1956,26636912
1342,17671961,"Paleo",1971,17950884
1343,17791523,"Paleo",1971,17950884
1344,20466581,"Paleo",1999,20303814
1345,24961144,"Paleo",1970,25369994
1346,25359892,"Paleo",1970,25369994
1347,23925397,"Paleo",1969,23925034
1348,15911017,"Paleo",1975,15899986
1349,26972713,"Paleo",1997,26918648
1350,16536630,"Paleo",1954,16416000
1351,11828860,"Paleo",1961,11746802
1352,10197526,"Paleo",1990,10241522
1353,25624552,"Paleo",1970,25369994
1354,13033755,"Paleo",1959,12787854
1355,17391131,"Paleo",2000,17141866
1356,27213088,"Paleo",1997,26918648
1357,25311905,"Paleo",1970,25369994
1358,9272900,"Paleo",1976,9542824
1359,25688553,"Paleo",1970,25369994
1360,20076393,"Paleo",1980,20215842
1361,11859255,"Paleo",1961,11746802
1362,19732180,"Paleo",1980,20215842
1363,25476020,"Paleo",1970,25369994
1364,12906348,"Paleo",1959,12787854
1365,12609317,"Paleo",1966,12515724
1366,25218025,"Paleo",1970,25369994
1367,25592443,"Paleo",1970,25369994
1368,25348328,"Paleo",1970,25369994
1369,15355553,"Paleo",1962,14873244
1370,15617467,"Paleo",1975,15899986
1371,14903697,"Paleo",1962,14873244
1372,21853438,"Paleo",1951,21512456
1373,18852955,"Paleo",1993,18809184
1374,19034002,"Paleo",1973,18993664
1375,14475830,"Paleo",1979,14344644
1376,17522927,"Paleo",2000,17141866
1377,10574060,"Paleo",1987,10742718
1378,25495340,"Paleo",1970,25369994
1379,13398795,"Paleo",1950,13381186
1380,22599915,"Paleo",1984,22699746
1381,25288932,"Paleo",1970,25369994
1382,14427116,"Paleo",1979,14344644
1383,25435843,"Paleo",1970,25369994
1384,13077078,"Paleo",1959,12787854
1385,25797311,"Paleo",1970,25369994
1386,18132178,"Paleo",1971,17950884
1387,21003740,"Paleo",1967,21028348
1388,21273724,"Paleo",1951,21512456
1389,25951735,"Paleo",1970,25369994
1390,7616772,"Paleo",1977,6534936
1391,15891996,"Paleo",1975,15899986
1392,17627897,"Paleo",1971,17950884
1393,16314621,"Paleo",1954,16416000
1394,21123256,"Paleo",1967,21028348
1395,15148634,"Paleo",1962,14873244
1396,17345940,"Paleo",2000,17141866
1397,15556439,"Paleo",1975,15899986
1398,16960257,"Paleo",2000,17141866
1399,14848786,"Paleo",1962,14873244
1400,14447100,"Paleo",1979,14344644
1401,22363529,"Paleo",1965,22351326
1402,13813340,"Paleo",1957,13967606
1403,21512324,"Paleo",1951,21512456
1404,21570847,"Paleo",1951,21512456
1405,22812188,"Paleo",1984,22699746
1406,19660806,"Paleo",1980,20215842
1407,10848854,"Paleo",1987,10742718
1408,12697586,"Paleo",1959,12787854
1409,16697924,"Paleo",1954,16416000
1410,8636128,"Paleo",1976,9542824
1411,25022570,"Paleo",1970,25369994
1412,27307937,"Paleo",1997,26918648
1413,9351774,"Paleo",1976,9542824
1414,22781032,"Paleo",1984,22699746
1415,19786562,"Paleo",1980,20215842
1416,19618987,"Paleo",1980,20215842
1417,16758369,"Paleo",1954,16416000
1418,18262069,"Paleo",1978,18504374
1419,15638988,"Paleo",1975,15899986
1420,28597368,"Paleo",1958,28773276
1421,15414521,"Paleo",1975,15899986
1422,26766929,"Paleo",1956,26636912
1423,23664145,"Paleo",1952,23441594
1424,24228107,"Paleo",1996,24531126
1425,11705987,"Paleo",1961,11746802
1426,12917737,"Paleo",1959,12787854
1427,15987638,"Paleo",1975,15899986
1428,10268154,"Paleo",1990,10241522
1429,17012798,"Paleo",2000,17141866
1430,13644342,"Paleo",1968,13445120
1431,14690574,"Paleo",1962,14873244
1432,11857141,"Paleo",1961,11746802
1433,21810334,"Paleo",1951,21512456
1434,13684993,"Paleo",1968,13445120
1435,20126867,"Paleo",1980,20215842
1436,21545933,"Paleo",1951,21512456
1437,15596074,"Paleo",1975,15899986
1438,21705171,"Paleo",1951,21512456
1439,13407353,"Paleo",1950,13381186
1440,27597624,"Paleo",1974,27911112
1441,28159866,"Paleo",1974,27911112
1442,25969747,"Paleo",1970,25369994
1443,17456657,"Paleo",2000,17141866
1444,10944852,"Paleo",1955,11064330
1445,26275833,"Paleo",1956,26636912
1446,15671749,"Paleo",1975,15899986
1447,23438775,"Paleo",1952,23441594
1448,19566342,"Paleo",1973,18993664
1449,25908010,"Paleo",1970,25369994
1450,20075260,"Paleo",1980,20215842
1451,17221741,"Paleo",2000,17141866
1452,11507503,"Paleo",1972,11429000
1453,16259238,"Paleo",1954,16416000
1454,12809162,"Paleo",1959,12787854
1455,17142052,"Paleo",2000,17141866
1456,13838978,"Paleo",1957,13967606
1457,13896718,"Paleo",1957,13967606
1458,17734837,"Paleo",1971,17950884
1459,11815478,"Paleo",1961,11746802
1460,15432189,"Paleo",1975,15899986
1461,15024210,"Paleo",1962,14873244
1462,20540645,"Paleo",1999,20303814
1463,18998041,"Paleo",1973,18993664
1464,13548280,"Paleo",1968,13445120
1465,11602363,"Paleo",1961,11746802
1466,19458213,"Paleo",1973,18993664
1467,25783652,"Paleo",1970,25369994
1468,9975267,"Paleo",1991,10018752
1469,21506825,"Paleo",1951,21512456
1470,26520428,"Paleo",1956,26636912
1471,16321582,"Paleo",1954,16416000
1472,17972856,"Paleo",1971,17950884
1473,12989083,"Paleo",1959,12787854
1474,20464481,"Paleo",1999,20303814
1475,12011635,"Paleo",1960,11980470
1476,10454879,"Paleo",2001,10389324
1477,15457776,"Paleo",1975,15899986
1478,15159249,"Paleo",1962,14873244
1479,9349310,"Paleo",1976,9542824
1480,10914804,"Paleo",1955,11064330
1481,14036180,"Paleo",1957,13967606
1482,14704593,"Paleo",1962,14873244
1483,15904403,"Paleo",1975,15899986
1484,24717725,"Paleo",1996,24531126
1485,17049485,"Paleo",2000,17141866
1486,20208582,"Paleo",1980,20215842
1487,18181319,"Paleo",1971,17950884
1488,24816522,"Paleo",1996,24531126
1489,22841032,"Paleo",1986,22933750
1490,23066885,"Paleo",1986,22933750
1491,20222593,"Paleo",1980,20215842
1492,13812996,"Paleo",1957,13967606
1493,24684234,"Paleo",1996,24531126
1494,17382288,"Paleo",2000,17141866
1495,21161936,"Paleo",1967,21028348
1496,21101753,"Paleo",1967,21028348
1497,12407530,"Paleo",2002,12466122
1498,18419726,"Paleo",1978,18504374
1499,8393237,"Paleo",1976,9542824
1500,12277407,"Paleo",1989,12202676
1501,19925461,"Paleo",1980,20215842
1502,15465343,"Paleo",1975,15899986
1503,24502714,"Paleo",1996,24531126
1504,23003527,"Paleo",1986,22933750
1505,12098560,"Paleo",1981,12058890
1506,20381725,"Paleo",1999,20303814
1507,16533054,"Paleo",1954,16416000
1508,17474913,"Paleo",2000,17141866
1509,22161973,"Paleo",1965,22351326
1510,11680150,"Paleo",1961,11746802
1511,18509105,"Paleo",1978,18504374
1512,24501235,"Paleo",1996,24531126
1513,15746649,"Paleo",1975,15899986
1514,19076905,"Paleo",1973,18993664
1515,11213755,"Paleo",1985,11176216
1516,12453302,"Paleo",2002,12466122
1517,15450613,"Paleo",1975,15899986
1518,8272225,"Paleo",1976,9542824
1519,15718962,"Paleo",1975,15899986
1520,13644422,"Paleo",1968,13445120
1521,12179706,"Paleo",1989,12202676
1522,17742731,"Paleo",1971,17950884
1523,20484654,"Paleo",1999,20303814
1524,26082234,"Paleo",1956,26636912
1525,21525378,"Paleo",1951,21512456
1526,20323013,"Paleo",1999,20303814
1527,17327987,"Paleo",2000,17141866
1528,15096049,"Paleo",1962,14873244
1529,6917834,"Paleo",1977,6534936
1530,25266129,"Paleo",1970,25369994
1531,17702973,"Paleo",1971,17950884
1532,6799156,"Paleo",1977,6534936
1533,13380630,"Paleo",1950,13381186
1534,25018316,"Paleo",1970,25369994
1535,23324558,"Paleo",1952,23441594
1536,25477808,"Paleo",1970,25369994
1537,14549327,"Paleo",1979,14344644
1538,25218585,"Paleo",1970,25369994
1539,28399431,"Paleo",1958,28773276
1540,13886247,"Paleo",1957,13967606
1541,9607547,"Paleo",1976,9542824
1542,15737915,"Paleo",1975,15899986
1543,15553088,"Paleo",1975,15899986
1544,20194385,"Paleo",1980,20215842
1545,13760840,"Paleo",1957,13967606
1546,18276363,"Paleo",1978,18504374
1547,16473803,"Paleo",1954,16416000
1548,8901038,"Paleo",1976,9542824
1549,20721967,"Paleo",1967,21028348
1550,14806238,"Paleo",1962,14873244
1551,20983736,"Paleo",1967,21028348
1552,21054781,"Paleo",1967,21028348
1553,26123786,"Paleo",1956,26636912
1554,12579188,"Paleo",1966,12515724
1555,13603563,"Paleo",1968,13445120
1556,22265561,"Paleo",1965,22351326
1557,27337403,"Paleo",1997,26918648
1558,18590121,"Paleo",1978,18504374
1559,24955533,"Paleo",1970,25369994
1560,28514051,"Paleo",1958,28773276
1561,14853171,"Paleo",1962,14873244
1562,16328256,"Paleo",1954,16416000
1563,18134649,"Paleo",1971,17950884
1564,28756237,"Paleo",1958,28773276
1565,25197598,"Paleo",1970,25369994
1566,20877551,"Paleo",1967,21028348
1567,21343908,"Paleo",1951,21512456
1568,24341902,"Paleo",1996,24531126
1569,14762918,"Paleo",1962,14873244
1570,15815265,"Paleo",1975,15899986
1571,6633439,"Paleo",1977,6534936
1572,13193097,"Paleo",1950,13381186
1573,19067234,"Paleo",1973,18993664
1574,18874918,"Paleo",1953,18900968
1575,14350334,"Paleo",1979,14344644
1576,11289282,"Paleo",1994,11310484
1577,25867535,"Paleo",1970,25369994
1578,16245704,"Paleo",1954,16416000
1579,7595882,"Paleo",1977,6534936
1580,2399472,"Paleo",1977,6534936
1581,16514553,"Paleo",1954,16416000
1582,16667229,"Paleo",1954,16416000
1583,23932683,"Paleo",1969,23925034
1584,15287224,"Paleo",1962,14873244
1585,11406624,"Paleo",1972,11429000
1586,17784635,"Paleo",1971,17950884
1587,25658113,"Paleo",1970,25369994
1588,18892510,"Paleo",1953,18900968
1589,27057177,"Paleo",1997,26918648
1590,12111015,"Paleo",1981,12058890
1591,25263779,"Paleo",1970,25369994
1592,15065154,"Paleo",1962,14873244
1593,14563359,"Paleo",1979,14344644
1594,12528399,"Paleo",1966,12515724
1595,10590583,"Paleo",1987,10742718
1596,24642222,"Paleo",1996,24531126
1597,17589259,"Paleo",1971,17950884
1598,13368365,"Paleo",1950,13381186
1599,27449213,"Paleo",1974,27911112
1600,13739990,"Paleo",1957,13967606
1601,27973232,"Paleo",1974,27911112
1602,25623037,"Paleo",1970,25369994
1603,21795542,"Paleo",1951,21512456
1604,26605036,"Paleo",1956,26636912
1605,26941883,"Paleo",1997,26918648
1606,25746831,"Paleo",1970,25369994
1607,14687189,"Paleo",1962,14873244
1608,25781481,"Paleo",1970,25369994
1609,23471518,"Paleo",1952,23441594
1610,27083341,"Paleo",1997,26918648
1611,26500217,"Paleo",1956,26636912
1612,19228777,"Paleo",1973,18993664
1613,10124947,"Paleo",1991,10018752
1614,15861137,"Paleo",1975,15899986
1615,19747946,"Paleo",1980,20215842
1616,18119798,"Paleo",1971,17950884
1617,27194476,"Paleo",1997,26918648
1618,13673645,"Paleo",1968,13445120
1619,16509069,"Paleo",1954,16416000
1620,19987371,"Paleo",1980,20215842
1621,16273637,"Paleo",1954,16416000
1622,10025690,"Paleo",1991,10018752
1623,27349628,"Paleo",1997,26918648
1624,21937648,"Paleo",1965,22351326
1625,26012690,"Paleo",1956,26636912
1626,11625819,"Paleo",1961,11746802
1627,18258044,"Paleo",1978,18504374
1628,21031897,"Paleo",1967,21028348
1629,10249091,"Paleo",1990,10241522
1630,17732647,"Paleo",1971,17950884
1631,11647817,"Paleo",1961,11746802
1632,7357280,"Paleo",1977,6534936
1633,17692213,"Paleo",1971,17950884
1634,18162613,"Paleo",1971,17950884
1635,23708405,"Paleo",1969,23925034
1636,14622628,"Paleo",1962,14873244
1637,13192370,"Paleo",1950,13381186
1638,14594397,"Paleo",1979,14344644
1639,8283001,"Paleo",1976,9542824
1640,21048600,"Paleo",1967,21028348
1641,27303054,"Paleo",1997,26918648
1642,25223690,"Paleo",1970,25369994
1643,15407036,"Paleo",1975,15899986
1644,18383537,"Paleo",1978,18504374
1645,13782294,"Paleo",1957,13967606
1646,12558261,"Paleo",1966,12515724
1647,13845295,"Paleo",1957,13967606
1648,14962132,"Paleo",1962,14873244
1649,22973757,"Paleo",1986,22933750
1650,16244348,"Paleo",1954,16416000
1651,20657512,"Paleo",1999,20303814
1652,14807414,"Paleo",1962,14873244
1653,11768933,"Paleo",1961,11746802
1654,9045691,"Paleo",1976,9542824
1655,8682170,"Paleo",1976,9542824
1656,26660666,"Paleo",1956,26636912
1657,12769583,"Paleo",1959,12787854
1658,13125392,"Paleo",1950,13381186
1659,11524444,"Paleo",1972,11429000
1660,21688364,"Paleo",1951,21512456
1661,25843214,"Paleo",1970,25369994
1662,18961350,"Paleo",1973,18993664
1663,15819896,"Paleo",1975,15899986
1664,20698120,"Paleo",1967,21028348
1665,20247981,"Paleo",1980,20215842
1666,18043276,"Paleo",1971,17950884
1667,7903509,"Paleo",1977,6534936
1668,21752169,"Paleo",1951,21512456
1669,10896762,"Paleo",1987,10742718
1670,8385950,"Paleo",1976,9542824
1671,20825891,"Paleo",1967,21028348
1672,28318018,"Paleo",1974,27911112
1673,16067988,"Paleo",1975,15899986
1674,23326146,"Paleo",1952,23441594
1675,21342107,"Paleo",1951,21512456
1676,10375898,"Paleo",2001,10389324
1677,24005241,"Paleo",1969,23925034
1678,17911037,"Paleo",1971,17950884
1679,16289187,"Paleo",1954,16416000
1680,23411930,"Paleo",1952,23441594
1681,18030782,"Paleo",1971,17950884
1682,23783141,"Paleo",1969,23925034
1683,25800175,"Paleo",1970,25369994
1684,21585976,"Paleo",1951,21512456
1685,22729026,"Paleo",1984,22699746
1686,12067719,"Paleo",1981,12058890
1687,21123678,"Paleo",1967,21028348
1688,19157674,"Paleo",1973,18993664
1689,16940645,"Paleo",2000,17141866
1690,13988371,"Paleo",1957,13967606
1691,7511523,"Paleo",1977,6534936
1692,17941090,"Paleo",1971,17950884
1693,20660239,"Paleo",1999,20303814
1694,18469417,"Paleo",1978,18504374
1695,13936026,"Paleo",1957,13967606
1696,21550657,"Paleo",1951,21512456
1697,26017868,"Paleo",1956,26636912
1698,13606818,"Paleo",1968,13445120
1699,16823617,"Paleo",2000,17141866
1700,23206281,"Paleo",1952,23441594
1701,18550238,"Paleo",1978,18504374
1702,28405071,"Paleo",1958,28773276
1703,10762963,"Paleo",1987,10742718
1704,24353556,"Paleo",1996,24531126
1705,20574371,"Paleo",1999,20303814
1706,10762508,"Paleo",1987,10742718
1707,16131945,"Paleo",1975,15899986
1708,12677397,"Paleo",1959,12787854
1709,26415467,"Paleo",1956,26636912
1710,11965446,"Paleo",1960,11980470
1711,16769882,"Paleo",1954,16416000
1712,18674477,"Paleo",2003,18802820
1713,20422328,"Paleo",1999,20303814
1714,14076806,"Paleo",1957,13967606
1715,16572949,"Paleo",1954,16416000
1716,17556205,"Paleo",1971,17950884
1717,20300535,"Paleo",1999,20303814
1718,18315523,"Paleo",1978,18504374
1719,14240221,"Paleo",1979,14344644
1720,21094800,"Paleo",1967,21028348
1721,9433326,"Paleo",1976,9542824
1722,11799621,"Paleo",1961,11746802
1723,25533898,"Paleo",1970,25369994
1724,14953515,"Paleo",1962,14873244
1725,22922353,"Paleo",1986,22933750
1726,17376059,"Paleo",2000,17141866
1727,26852959,"Paleo",1997,26918648
1728,15647365,"Paleo",1975,15899986
1729,5338693,"Paleo",1977,6534936
1730,30567169,"Paleo",1998,30608362
1731,19720149,"Paleo",1980,20215842
1732,26220477,"Paleo",1956,26636912
1733,11689160,"Paleo",1961,11746802
1734,25035948,"Paleo",1970,25369994
1735,13768253,"Paleo",1957,13967606
1736,10685819,"Paleo",1987,10742718
1737,12724780,"Paleo",1959,12787854
1738,24629194,"Paleo",1996,24531126
1739,15463102,"Paleo",1975,15899986
1740,27007642,"Paleo",1997,26918648
1741,21503294,"Paleo",1951,21512456
1742,22075884,"Paleo",1965,22351326
1743,25478989,"Paleo",1970,25369994
1744,19855277,"Paleo",1980,20215842
1745,28923860,"Paleo",1958,28773276
1746,22744138,"Paleo",1984,22699746
1747,27063021,"Paleo",1997,26918648
1748,13900372,"Paleo",1957,13967606
1749,19790558,"Paleo",1980,20215842
1750,18604491,"Paleo",1978,18504374
1751,15310863,"Paleo",1962,14873244
1752,18310697,"Paleo",1978,18504374
1753,16927435,"Paleo",2000,17141866
1754,14886595,"Paleo",1962,14873244
1755,14373865,"Paleo",1979,14344644
1756,9618193,"Paleo",1976,9542824
1757,10480529,"Paleo",2001,10389324
1758,16438263,"Paleo",1954,16416000
1759,14598472,"Paleo",1979,14344644
1760,15530315,"Paleo",1975,15899986
1761,22213277,"Paleo",1965,22351326
1762,15149134,"Paleo",1962,14873244
1763,18663890,"Paleo",2003,18802820
1764,15399884,"Paleo",1975,15899986
1765,8619430,"Paleo",1976,9542824
1766,17985438,"Paleo",1971,17950884
1767,21117332,"Paleo",1967,21028348
1768,23163556,"Paleo",1986,22933750
1769,25434181,"Paleo",1970,25369994
1770,10542414,"Paleo",2001,10389324
1771,22000250,"Paleo",1965,22351326
1772,19877473,"Paleo",1980,20215842
1773,18711686,"Paleo",2003,18802820
1774,23007797,"Paleo",1986,22933750
1775,19860236,"Paleo",1980,20215842
1776,9999998,"Paleo",1991,10018752
1777,8187690,"Paleo",1976,9542824
1778,11882568,"Paleo",1960,11980470
1779,19438965,"Paleo",1973,18993664
1780,14673800,"Paleo",1962,14873244
1781,17533843,"Paleo",2000,17141866
1782,8583299,"Paleo",1976,9542824
1783,6160922,"Paleo",1977,6534936
1784,26099920,"Paleo",1956,26636912
1785,25784098,"Paleo",1970,25369994
1786,19156083,"Paleo",1973,18993664
1787,24678108,"Paleo",1996,24531126
1788,10973971,"Paleo",1955,11064330
1789,26979418,"Paleo",1997,26918648
1790,29374955,"Paleo",1958,28773276
1791,22316963,"Paleo",1965,22351326
1792,26708034,"Paleo",1956,26636912
1793,17734566,"Paleo",1971,17950884
1794,11468001,"Paleo",1972,11429000
1795,6209278,"Paleo",1977,6534936
1796,10005295,"Paleo",1991,10018752
1797,20023810,"Paleo",1980,20215842
1798,21471880,"Paleo",1951,21512456
1799,26873684,"Paleo",1997,26918648
1800,11879040,"Paleo",1960,11980470
1801,24350936,"Paleo",1996,24531126
1802,21808932,"Paleo",1951,21512456
1803,15691580,"Paleo",1975,15899986
1804,19593454,"Paleo",1973,18993664
1805,16358276,"Paleo",1954,16416000
1806,17659072,"Paleo",1971,17950884
1807,13377713,"Paleo",1950,13381186
1808,14244793,"Paleo",1979,14344644
1809,14656362,"Paleo",1962,14873244
1810,19549009,"Paleo",1973,18993664
1811,25751874,"Paleo",1970,25369994
1812,15259326,"Paleo",1962,14873244
1813,19746724,"Paleo",1980,20215842
1814,17523725,"Paleo",2000,17141866
1815,16489113,"Paleo",1954,16416000
1816,19756769,"Paleo",1980,20215842
1817,21685587,"Paleo",1951,21512456
1818,18727825,"Paleo",2003,18802820
1819,21193329,"Paleo",1967,21028348
1820,17569886,"Paleo",1971,17950884
1821,22866676,"Paleo",1986,22933750
1822,11393806,"Paleo",1972,11429000
1823,14975141,"Paleo",1962,14873244
1824,11500648,"Paleo",1972,11429000
1825,29764206,"Paleo",1982,30328992
1826,27597292,"Paleo",1974,27911112
1827,15402628,"Paleo",1975,15899986
1828,26805678,"Paleo",1997,26918648
1829,6071047,"Paleo",1977,6534936
1830,21040582,"Paleo",1967,21028348
1831,14507987,"Paleo",1979,14344644
1832,26182977,"Paleo",1956,26636912
1833,16614944,"Paleo",1954,16416000
1834,14697696,"Paleo",1962,14873244
1835,16448887,"Paleo",1954,16416000
1836,19240171,"Paleo",1973,18993664
1837,13661268,"Paleo",1968,13445120
1838,23846960,"Paleo",1969,23925034
1839,17119828,"Paleo",2000,17141866
1840,16485208,"Paleo",1954,16416000
1841,6127879,"Paleo",1977,6534936
1842,20804172,"Paleo",1967,21028348
1843,9333640,"Paleo",1976,9542824
1844,7925830,"Paleo",1977,6534936
1845,15364170,"Paleo",1962,14873244
1846,11291967,"Paleo",1994,11310484
1847,18869067,"Paleo",1953,18900968
1848,18204500,"Paleo",1971,17950884
1849,16144525,"Paleo",1975,15899986
1850,21766899,"Paleo",1951,21512456
1851,15500509,"Paleo",1975,15899986
1852,21043510,"Paleo",1967,21028348
1853,26723287,"Paleo",1956,26636912
1854,23058362,"Paleo",1986,22933750
1855,21378519,"Paleo",1951,21512456
1856,10843611,"Paleo",1987,10742718
1857,15237121,"Paleo",1962,14873244
1858,9598666,"Paleo",1976,9542824
1859,11873866,"Paleo",1960,11980470
1860,18979150,"Paleo",1973,18993664
1861,18295292,"Paleo",1978,18504374
1862,27413701,"Paleo",1997,26918648
1863,18299072,"Paleo",1978,18504374
1864,6913054,"Paleo",1977,6534936
1865,14970725,"Paleo",1962,14873244
1866,26407984,"Paleo",1956,26636912
1867,25734005,"Paleo",1970,25369994
1868,31631854,"Paleo",1995,31774870
1869,22298320,"Paleo",1965,22351326
1870,15476679,"Paleo",1975,15899986
1871,10918494,"Paleo",1955,11064330
1872,19682575,"Paleo",1980,20215842
1873,16882554,"Paleo",2000,17141866
1874,19511081,"Paleo",1973,18993664
1875,15917887,"Paleo",1975,15899986
1876,25524809,"Paleo",1970,25369994
1877,12371923,"Paleo",2002,12466122
1878,29750450,"Paleo",1982,30328992
1879,15819875,"Paleo",1975,15899986
1880,15457739,"Paleo",1975,15899986
1881,26154628,"Paleo",1956,26636912
1882,14778073,"Paleo",1962,14873244
1883,12741025,"Paleo",1959,12787854
1884,28376523,"Paleo",1958,28773276
1885,21953555,"Paleo",1965,22351326
1886,20302319,"Paleo",1999,20303814
1887,15413514,"Paleo",1975,15899986
1888,16658477,"Paleo",1954,16416000
1889,16265390,"Paleo",1954,16416000
1890,25759027,"Paleo",1970,25369994
1891,26155328,"Paleo",1956,26636912
1892,15194571,"Paleo",1962,14873244
1893,22722117,"Paleo",1984,22699746
1894,23275797,"Paleo",1952,23441594
1895,22353312,"Paleo",1965,22351326
1896,20653021,"Paleo",1999,20303814
1897,22359359,"Paleo",1965,22351326
1898,9932999,"Paleo",1991,10018752
1899,14072572,"Paleo",1957,13967606
1900,17269087,"Paleo",2000,17141866
1901,24650036,"Paleo",1996,24531126
1902,17179713,"Paleo",2000,17141866
1903,18011561,"Paleo",1971,17950884
1904,19847589,"Paleo",1980,20215842
1905,21148363,"Paleo",1967,21028348
1906,25772304,"Paleo",1970,25369994
1907,29110424,"Paleo",1958,28773276
1908,21038641,"Paleo",1967,21028348
1909,20843091,"Paleo",1967,21028348
1910,19072512,"Paleo",1973,18993664
1911,23333192,"Paleo",1952,23441594
1912,12259827,"Paleo",1989,12202676
1913,12399899,"Paleo",2002,12466122
1914,25209119,"Paleo",1970,25369994
1915,25454656,"Paleo",1970,25369994
1916,23200281,"Paleo",1952,23441594
1917,16493923,"Paleo",1954,16416000
1918,10641274,"Paleo",1987,10742718
1919,14273324,"Paleo",1979,14344644
1920,11147072,"Paleo",1985,11176216
1921,17622317,"Paleo",1971,17950884
1922,16302278,"Paleo",1954,16416000
1923,19004476,"Paleo",1973,18993664
1924,5328807,"Paleo",1977,6534936
1925,18080768,"Paleo",1971,17950884
1926,12774217,"Paleo",1959,12787854
1927,16557090,"Paleo",1954,16416000
1928,14019561,"Paleo",1957,13967606
1929,9092532,"Paleo",1976,9542824
1930,12757549,"Paleo",1959,12787854
1931,6231427,"Paleo",1977,6534936
1932,16942887,"Paleo",2000,17141866
1933,11626656,"Paleo",1961,11746802
1934,8530262,"Paleo",1976,9542824
1935,15518623,"Paleo",1975,15899986
1936,20884363,"Paleo",1967,21028348
1937,20009625,"Paleo",1980,20215842
1938,25625432,"Paleo",1970,25369994
1939,11124096,"Paleo",1985,11176216
1940,20022474,"Paleo",1980,20215842
1941,28750409,"Paleo",1958,28773276
1942,28183916,"Paleo",1974,27911112
1943,22298528,"Paleo",1965,22351326
1944,16519824,"Paleo",1954,16416000
1945,18075704,"Paleo",1971,17950884
1946,17029562,"Paleo",2000,17141866
1947,11639207,"Paleo",1961,11746802
1948,12874208,"Paleo",1959,12787854
1949,12721422,"Paleo",1959,12787854
1950,14253346,"Paleo",1950,13381186
1951,17412298,"Paleo",1951,21512456
1952,25832190,"Paleo",1952,23441594
1953,24545681,"Paleo",1953,18900968
1954,19402248,"Paleo",1954,16416000
1955,11281710,"Paleo",1955,11064330
1956,23595761,"Paleo",1956,26636912
1957,18261164,"Paleo",1957,13967606
1958,28079759,"Paleo",1958,28773276
1959,11534131,"Paleo",1959,12787854
1960,13490481,"Paleo",1960,11980470
1961,9081957,"Paleo",1961,11746802
1962,17354677,"Paleo",1962,14873244
1963,27389188,"Paleo",1963,22457176
1964,12245647,"Paleo",1964,11344472
1965,25258362,"Paleo",1965,22351326
1966,15427320,"Paleo",1966,12515724
1967,24254258,"Paleo",1967,21028348
1968,12172435,"Paleo",1968,13445120
1969,28766879,"Paleo",1969,23925034
1970,20081047,"Paleo",1970,25369994
1971,20237217,"Paleo",1971,17950884
1972,10807945,"Paleo",1972,11429000
1973,17394119,"Paleo",1973,18993664
1974,24336129,"Paleo",1974,27911112
1975,15995623,"Paleo",1975,15899986
1976,7615683,"Paleo",1976,9542824
1977,5973317,"Paleo",1977,6534936
1978,30538094,"Paleo",1978,18504374
1979,17861319,"Paleo",1979,14344644
1980,27186832,"Paleo",1980,20215842
1981,15377732,"Paleo",1981,12058890
1982,26573987,"Paleo",1982,30328992
1983,29900849,"Paleo",1983,36136704
1984,24535364,"Paleo",1984,22699746
1985,16665960,"Paleo",1985,11176216
1986,27678260,"Paleo",1986,22933750
1987,9905520,"Paleo",1987,10742718
1988,12708812,"Paleo",1988,9799590
1989,13086311,"Paleo",1989,12202676
1990,9755217,"Paleo",1990,10241522
1991,13611872,"Paleo",1991,10018752
1992,11333453,"Paleo",1992,9737704
1993,26439812,"Paleo",1993,18809184
1994,12484240,"Paleo",1994,11310484
1995,26060922,"Paleo",1995,31774870
1996,24930697,"Paleo",1996,24531126
1997,21256323,"Paleo",1997,26918648
1998,32698280,"Paleo",1998,30608362
1999,23689489,"Paleo",1999,20303814
2000,20758461,"Paleo",2000,17141866
2001,11993575,"Paleo",2001,10389324
2002,11762659,"Paleo",2002,12466122
2003,18522723,"Paleo",2003,18802820
2004,16927597,"Paleo",2000,17141866
2005,26323374,"Paleo",1956,26636912
2006,28392600,"Paleo",1958,28773276
2007,9470040,"Paleo",1976,9542824
2008,14622699,"Paleo",1962,14873244
2009,12033929,"Paleo",1981,12058890
2010,25015474,"Paleo",1970,25369994
2011,24627284,"Paleo",1996,24531126
